insert into Postcode(code, city, country) values('V6R2H7', 'Vancouver', 'Canada');
insert into Postcode(code, city, country) values('V6T1E2', 'Vancuuver', 'Canada');
insert into Postcode(code, city, country) values('V6R4R8', 'Vancouver', 'Canada');
insert into Postcode(code, city, country) values('V5Z1M9', 'Vancouver', 'Canada');
insert into Postcode(code, city, country) values('V6X1A2', 'Richmond', 'Canada');
insert into Postcode(code, city, country) values('V5G2X6', 'Burnaby', 'Canada');
insert into Postcode(code, city, country) values('V7L2L7', 'North Vancouver', 'Canada');
insert into Postcode(code, city, country) values('V3H3W9', 'Port Moody', 'Canada');
insert into Postcode(code, city, country) values('V6Z1Y6', 'Vancouver', 'Canada');
insert into Postcode(code, city, country) values('V5T3N4', 'Vancouver', 'Canada');

insert into Geolocation(latitude, longitude,  streetnumber, postcode) values('49.264917', '-123.203499', '4314 W 10th Ave', 'V6R2H7');
insert into Geolocation(latitude, longitude, streetnumber, postcode) values('49.275065', '-123.242228', '5495 Chancellor Blvd', 'V6T1E2');
insert into Geolocation(latitude, longitude, streetnumber, postcode) values('49.264301', '-123.207104', '4434 W 9th Ave', 'V6R4R8');
insert into Geolocation(latitude, longitude, streetnumber, postcode) values('49.261742', '-123.123718', '889 W 12th Ave', 'V5Z1M9');
insert into Geolocation(latitude, longitude, streetnumber, postcode) values('49.168903', '-123.146934', '7000 Westminster Hwy', 'V6X1A2');
insert into Geolocation(latitude, longitude, streetnumber, postcode) values('49.249446', '-123.016235', '3935 Kincaid St', 'V5G2X6');
insert into Geolocation(latitude, longitude, streetnumber, postcode) values('49.321012', '-123.068037', '231 15th St E', 'V7L2L7');
insert into Geolocation(latitude, longitude, streetnumber, postcode) values('49.291473', '-122.818592', '475 Guildford Way', 'V3H3W9');
insert into Geolocation(latitude, longitude, streetnumber, postcode) values('49.288024', '-123.127126', '1081 Burrard St', 'V6Z1Y6');
insert into Geolocation(latitude, longitude, streetnumber, postcode) values('49.258555', '-123.090577', '3080 Prince Edward St', 'V5T3N4');

insert into CovidCase(id, latitude, longitude, casetype) values(1, '49.264917', '-123.203499', 'suspected');
insert into CovidCase(id, latitude, longitude, casetype) values(2, '48.264917', '-123.203499', 'confirmed');
insert into CovidCase(id, latitude, longitude, casetype) values(3, '50.264917', '-123.203499', 'confirmed');
insert into CovidCase(id, latitude, longitude, casetype) values(4, '47.264917', '-123.203499', 'confirmed');
insert into CovidCase(id, latitude, longitude, casetype) values(5, '49.274917', '-123.203499', 'confirmed');
insert into CovidCase(id, latitude, longitude, casetype) values(6, '49.264817', '-123.203499', 'confirmed');
insert into CovidCase(id, latitude, longitude, casetype) values(7, '49.258555', '-123.090577', 'confirmed');
insert into CovidCase(id, latitude, longitude, casetype) values(8, '49.258555', '-123.090577', 'confirmed');
insert into CovidCase(id, latitude, longitude, casetype) values(9, '49.258555', '-123.090577', 'confirmed');
insert into CovidCase(id, latitude, longitude, casetype) values(10, '49.258555', '-123.090577', 'suspected');
insert into CovidCase(id, latitude, longitude, casetype) values(11, '49.258555', '-123.090577', 'recovered');
insert into CovidCase(id, latitude, longitude, casetype) values(12, '49.258555', '-123.090577', 'recovered');
insert into CovidCase(id, latitude, longitude, casetype) values(13, '49.258555', '-123.090577', 'death');
insert into CovidCase(id, latitude, longitude, casetype) values(14, '49.288024', '-123.127126', 'confirmed');
insert into CovidCase(id, latitude, longitude, casetype) values(15, '49.288024', '-123.127126', 'confirmed');
insert into CovidCase(id, latitude, longitude, casetype) values(16, '49.288024', '-123.127126', 'confirmed');
insert into CovidCase(id, latitude, longitude, casetype) values(17, '49.288024', '-123.127126', 'confirmed');
insert into CovidCase(id, latitude, longitude, casetype) values(18, '49.288024', '-123.127126', 'confirmed');
insert into CovidCase(id, latitude, longitude, casetype) values(19, '49.288024', '-123.127126', 'recovered');
insert into CovidCase(id, latitude, longitude, casetype) values(20, '49.288024', '-123.127126', 'death');
insert into CovidCase(id, latitude, longitude, casetype) values(21, '49.288024', '-123.127126', 'death');
insert into CovidCase(id, latitude, longitude, casetype) values(22, '49.291473', '-122.818592', 'confirmed');
insert into CovidCase(id, latitude, longitude, casetype) values(23, '49.291473', '-122.818592', 'confirmed');
insert into CovidCase(id, latitude, longitude, casetype) values(24, '49.291473', '-122.818592', 'confirmed');
insert into CovidCase(id, latitude, longitude, casetype) values(25, '49.291473', '-122.818592', 'confirmed');
insert into CovidCase(id, latitude, longitude, casetype) values(26, '49.291473', '-122.818592', 'suspected');
insert into CovidCase(id, latitude, longitude, casetype) values(27, '49.291473', '-122.818592', 'recovered');
insert into CovidCase(id, latitude, longitude, casetype) values(28, '49.321012', '-123.068037', 'confirmed');
insert into CovidCase(id, latitude, longitude, casetype) values(29, '49.321012', '-123.068037', 'confirmed');
insert into CovidCase(id, latitude, longitude, casetype) values(30, '49.321012', '-123.068037', 'confirmed');
insert into CovidCase(id, latitude, longitude, casetype) values(31, '49.321012', '-123.068037', 'confirmed');
insert into CovidCase(id, latitude, longitude, casetype) values(32, '49.321012', '-123.068037', 'confirmed');
insert into CovidCase(id, latitude, longitude, casetype) values(33, '49.321012', '-123.068037', 'confirmed');
insert into CovidCase(id, latitude, longitude, casetype) values(34, '49.321012', '-123.068037', 'confirmed');
insert into CovidCase(id, latitude, longitude, casetype) values(35, '49.321012', '-123.068037', 'death');
insert into CovidCase(id, latitude, longitude, casetype) values(36, '49.321012', '-123.068037', 'suspected');
insert into CovidCase(id, latitude, longitude, casetype) values(37, '49.321012', '-123.068037', 'recovered');
insert into CovidCase(id, latitude, longitude, casetype) values(38, '49.249446', '-123.016235', 'confirmed');
insert into CovidCase(id, latitude, longitude, casetype) values(39, '49.249446', '-123.016235', 'confirmed');
insert into CovidCase(id, latitude, longitude, casetype) values(40, '49.249446', '-123.016235', 'confirmed');
insert into CovidCase(id, latitude, longitude, casetype) values(41, '49.249446', '-123.016235', 'confirmed');
insert into CovidCase(id, latitude, longitude, casetype) values(42, '49.249446', '-123.016235', 'confirmed');
insert into CovidCase(id, latitude, longitude, casetype) values(43, '49.249446', '-123.016235', 'confirmed');
insert into CovidCase(id, latitude, longitude, casetype) values(44, '49.249446', '-123.016235', 'confirmed');
insert into CovidCase(id, latitude, longitude, casetype) values(45, '49.249446', '-123.016235', 'confirmed');
insert into CovidCase(id, latitude, longitude, casetype) values(46, '49.249446', '-123.016235', 'confirmed');
insert into CovidCase(id, latitude, longitude, casetype) values(47, '49.249446', '-123.016235', 'confirmed');
insert into CovidCase(id, latitude, longitude, casetype) values(48, '49.249446', '-123.016235', 'confirmed');
insert into CovidCase(id, latitude, longitude, casetype) values(49, '49.249446', '-123.016235', 'confirmed');
insert into CovidCase(id, latitude, longitude, casetype) values(50, '49.249446', '-123.016235', 'confirmed');
insert into CovidCase(id, latitude, longitude, casetype) values(51, '49.249446', '-123.016235', 'confirmed');
insert into CovidCase(id, latitude, longitude, casetype) values(52, '49.249446', '-123.016235', 'confirmed');
insert into CovidCase(id, latitude, longitude, casetype) values(53, '49.249446', '-123.016235', 'confirmed');
insert into CovidCase(id, latitude, longitude, casetype) values(54, '49.249446', '-123.016235', 'confirmed');
insert into CovidCase(id, latitude, longitude, casetype) values(55, '49.249446', '-123.016235', 'confirmed');

insert into appuser(id, username, password, displayname, gender, age, email, acceptedRiskLevel, notificationMethod) values(1, 'johnWick', 'fake password', 'jwick', 'male', 40, 'jw@johnwick.com', 5, 'Text');
insert into appuser(id, username, password, displayname, gender, age, email, acceptedRiskLevel, notificationMethod) values(2, 'fake user2', 'fake password', 'fake name2', 'male', 17, 'fake email1', 2, 'Email');
insert into appuser(id, username, password, displayname, gender, age, email, acceptedRiskLevel, notificationMethod) values(3, 'fake user3', 'fake password', 'fake name3', 'male', 22, 'fake email2', 3, 'Phone');
insert into appuser(id, username, password, displayname, gender, age, email, acceptedRiskLevel, notificationMethod) values(4, 'fake user4', 'fake password', 'fake name4', 'male', 23, 'fake email3', 4, 'Text');
insert into appuser(id, username, password, displayname, gender, age, email, acceptedRiskLevel, notificationMethod) values(5, 'fake user5', 'fake password', 'fake name5', 'male', 51, 'fake email4', 1, 'Email');
insert into appuser(id, username, password, displayname, gender, age, email, acceptedRiskLevel, notificationMethod) values(6, 'fake user6', 'fake password', 'fake name6', 'male', 6, 'fake email5', 5, 'Phone');
insert into appuser(id, username, password, displayname, gender, age, email, acceptedRiskLevel, notificationMethod) values(7, 'fake user7', 'fake password', 'fake name7', 'male', 78, 'fake email6', 1, 'Text');
insert into appuser(id, username, password, displayname, gender, age, email, acceptedRiskLevel, notificationMethod) values(8, 'fake user8', 'fake password', 'fake name8', 'male', 33, 'fake email7', 4, 'Email');
insert into appuser(id, username, password, displayname, gender, age, email, acceptedRiskLevel, notificationMethod) values(9, 'fake user9', 'fake password', 'fake name9', 'male', 40, 'fake email8', 3, 'Phone');
insert into appuser(id, username, password, displayname, gender, age, email, acceptedRiskLevel, notificationMethod) values(10, 'fake user10', 'fake password', 'fake name10', 'male', 32, 'fake email9', 2, 'Email');

insert into contributor(id, username, password) values(1, 'contributor1', 'password');
insert into contributor(id, username, password) values(2, 'contributor2', 'password');
insert into contributor(id, username, password) values(3, 'contributor3', 'password');
insert into contributor(id, username, password) values(4, 'contributor4', 'password');
insert into contributor(id, username, password) values(5, 'contributor5', 'password');
insert into contributor(id, username, password) values(6, 'contributor6', 'password');
insert into contributor(id, username, password) values(7, 'contributor7', 'password');
insert into contributor(id, username, password) values(8, 'contributor8', 'password');
insert into contributor(id, username, password) values(9, 'contributor9', 'password');
insert into contributor(id, username, password) values(10, 'contributor10', 'password');
insert into contributor(id, username, password) values(11, 'contributor11', 'password');

insert into publicarea(id, latitude, longitude, name) values(1, '49.264917', '-123.203499', 'West Point Grey');
insert into publicarea(id, latitude, longitude, name) values(2, '49.275065', '-123.242228', 'UBC');
insert into publicarea(id, latitude, longitude, name) values(3, '49.264301', '-123.207104', 'West Point Grey');
insert into publicarea(id, latitude, longitude, name) values(4, '49.261742', '-123.123718', 'Vancouver General Hospital');
insert into publicarea(id, latitude, longitude, name) values(5, '49.168903', '-123.146934', 'Richmond Hospital');
insert into publicarea(id, latitude, longitude, name) values(6, '49.249446', '-123.016235', 'Burnaby Hospital');
insert into publicarea(id, latitude, longitude, name) values(7, '49.321012', '-123.068037', 'Lions Gate Hospital');
insert into publicarea(id, latitude, longitude, name) values(8, '49.288024', '-123.127126', 'St Paul Hospital');
insert into publicarea(id, latitude, longitude, name) values(9, '49.291473', '-122.818592', 'Eagle Ridge Hospital');
insert into publicarea(id, latitude, longitude, name) values(10, '49.258555', '-123.090577', 'Mt Saint Joseph Hospital');

insert into makecomment(id, ccontent, upvote, downvote, latitude, longitude, userid) values(1, 'hello', 0, 0, '49.264917', '-123.203499', 4);
insert into makecomment(id, ccontent, upvote, downvote, latitude, longitude, userid) values(2, 'hello', 0, 0, '49.264917', '-123.203499', 1);


